date,mean_precipitation,temperature_2m_max,surface_net_solar_radiation_sum
2023-01-01,0.0024318694045177,-0.3028167724609147,2009136.0
2023-01-02,2.0792961119582287,-2.5424255371093523,1023102.0
2023-01-03,19.61005003005312,-3.6014465332031023,494506.0
2023-01-04,3.228865341384335,-4.230627441406227,658186.0
2023-01-05,1.017597317684249,-5.355978393554665,1098318.0
2023-01-06,0.1192182301110733,-8.82182922363279,940804.0
2023-01-07,0.1293728337259381,-10.283956909179665,1084418.0
2023-01-08,0.0165849924087524,-9.080511474609352,1366624.0
2023-01-09,0.0021547078290495,-3.8057159423827898,1436462.0
2023-01-10,0.0009268521239391,-4.910467529296852,1414246.0
2023-01-11,0.1392960548400879,-1.7315734863281025,1587976.0
2023-01-12,0.029340386390686,-5.301840209960915,1524602.0
2023-01-13,0.1189023255960819,-8.786398315429665,1358222.0
2023-01-14,0.0019818544387817,1.4307952880859602,1698492.0
2023-01-15,0.0013049809126641,0.9571166992187728,2304444.0
2023-01-16,3.768630925151229,1.5783782958984602,635458.0
2023-01-17,0.845748186009132,0.0147186279297102,2113090.0
2023-01-18,0.3040075302074285,-3.4502777099609148,1396198.0
2023-01-19,8.155804872444605,-2.4015411376952898,1505554.0
2023-01-20,0.1258340466847585,-4.381781005859352,1253286.0
2023-01-21,0.1556456087996593,-3.681585693359352,1961976.0
2023-01-22,0.1759976148605346,-6.583502197265602,1479364.0
2023-01-23,0.0991791486626425,0.1187225341797102,1772486.0
2023-01-24,0.0232040881087414,-1.3595794677734148,2131584.0
2023-01-25,0.157344341175758,-4.912252807617165,1957632.0
2023-01-26,0.0813646262827205,-7.767599487304665,2316744.0
2023-01-27,0.9396284817739796,1.5641418457031475,2138936.0
2023-01-28,4.055768251362224,-6.138647460937477,1815542.0
2023-01-29,0.5595878977260327,-16.827062988281227,2342542.0
2023-01-30,0.1628845402024126,-17.129431152343727,2766572.0
2023-01-31,0.0025749725409696,-16.13121643066404,2896392.0
2023-02-01,0.00129334284793,-10.644003295898417,2911122.0
2023-02-02,0.001710653293685,-10.670385742187475,3082522.0
2023-02-03,0.00821053981781,-14.037359619140602,3030108.0
2023-02-04,0.0002235174179077,-2.0592102050781023,3056490.0
2023-02-05,0.0012678702887569,-1.6193298339843525,3403098.0
2023-02-06,0.0566273926665417,1.5306793212890852,1724696.0
2023-02-07,0.0098764896279135,1.1367889404297102,4140702.0
2023-02-08,0.0004261732051702,1.9164215087890848,4490010.0
2023-02-09,0.0216811894233615,0.6811309814453352,2992572.0
2023-02-10,0.0008523463179699,-1.5806488037109148,5080302.0
2023-02-11,0.0008548760206394,0.8993011474609602,5113644.0
2023-02-12,0.0,1.5348297119140852,4818214.0
2023-02-13,0.0,4.034448242187523,5653600.0
2023-02-14,8.685660034984721,3.7629180908203352,1686006.0
2023-02-15,12.950008960899597,2.31128845214846,3683560.0
2023-02-16,0.0072735920184641,-8.615301513671852,4132516.0
2023-02-17,0.0002980232238769,-1.0610260009765398,4716390.0
2023-02-18,0.0021583064722108,1.5746093750000227,4768476.0
2023-02-19,0.005277165996631,0.2250915527343977,4053462.0
2023-02-20,0.0050961971282958,2.2787719726562727,5288066.0
2023-02-21,1.1546776073600995,0.8476806640625227,2579480.0
2023-02-22,8.980298042217782,-6.441137695312477,1225598.0
2023-02-23,7.504376768963539,-9.096960449218727,2585754.0
2023-02-24,0.1571953296206629,-17.473150634765602,2772300.0
2023-02-25,0.4437271945789689,-3.16747131347654,2983362.0
2023-02-26,0.0031471251418224,3.9432006835937727,2979014.0
2023-02-27,2.88725495329345,4.311822509765648,2890240.0
2023-02-28,1.2745598104970668,1.2490631103515852,3053750.0
2023-03-01,0.5042791366349775,0.1838317871093977,3701592.0
2023-03-02,0.0596940517425537,-1.1099761962890398,4971582.0
2023-03-03,0.0008523463179699,0.4054656982422102,5195844.0
2023-03-04,0.1785039900710217,1.0051818847656475,5853848.771240234
2023-03-05,5.061748623745643,0.9258056640625228,2684648.328125
2023-03-06,0.2464896688820772,0.7734619140625227,3623370.90234375
2023-03-07,0.0398825141587622,-0.2771820068359147,3051001.6015625
2023-03-08,0.4550694085878604,0.4023223876953352,3523506.4921875
2023-03-09,8.022368566457772,-0.2978271484374772,2246654.65625
2023-03-10,0.9000033139159314,-0.5800079345702898,3326938.87109375
2023-03-11,5.682069954730196,0.2414184570312727,2412066.62109375
2023-03-12,0.4092514514013601,-0.4583496093749772,3204374.25
2023-03-13,0.2199749166607034,-6.07579650878904,3796614.8125
2023-03-14,0.0083327292372814,2.2430664062500227,5056076.1875
2023-03-15,0.0012881691304755,8.466653442382835,5311406.3125
2023-03-16,8.545184135432038,7.709680175781273,2701237.25
2023-03-17,0.127831351903751,-4.864233398437477,4669021.0
2023-03-18,0.1402852413434629,-9.381796264648417,4843751.8125
2023-03-19,0.0012844800494349,5.139932250976585,6132741.36328125
2023-03-20,0.00172132604348,4.192178344726585,8570352.09375
2023-03-21,0.0534926778250621,9.558953857421898,7305877.6953125
2023-03-22,2.3663742983899283,7.180871582031273,8934380.0
2023-03-23,0.2885222434088064,1.2488952636718975,12661078.0
2023-03-24,0.0025688932510092,8.05549011230471,13975398.0
2023-03-25,0.0381470068191447,6.152261352539085,12331362.0
2023-03-26,0.0012695788313976,2.2560668945312727,16537246.0
2023-03-27,0.0,2.610879516601585,16970944.0
2023-03-28,0.0019371509552001,8.592034912109398,17442790.0
2023-03-29,0.6429582833220593,1.6383300781250227,17898752.0
2023-03-30,0.535041093826294,11.767816162109398,11822252.0
2023-03-31,15.323758125305176,7.98145446777346,4242266.0
2023-04-01,4.49531821035265,6.588769531250023,16208754.0
2023-04-02,0.0025710543063439,12.360925292968773,18024800.0
2023-04-03,0.0500127495683955,10.020059204101583,9266758.0
2023-04-04,4.308253526687622,3.4707885742187727,3773500.0
2023-04-05,1.124843955039978,2.8037811279297102,10840316.0
2023-04-06,0.1076042651106945,9.93006286621096,19098236.0
2023-04-07,0.1029899206628215,15.979211425781273,19837266.0
2023-04-08,0.0027101954742647,20.067666625976585,19895164.0
2023-04-09,2.53313779819564,17.823968505859398,9902852.0
2023-04-10,0.0008523463179699,21.182305908203148,20095618.0
2023-04-11,0.0030040737328818,25.32541809082033,20090810.0
2023-04-12,-1.1921656550839543e-05,27.542932128906276,20189554.0
2023-04-13,0.0,28.056558227539085,20379760.0
2023-04-14,0.9234428404738536,26.321572875976585,17584570.0
2023-04-15,7.743279036617423,14.043496704101583,6910214.0
2023-04-16,2.2434821755723533,9.19715270996096,11391490.0
2023-04-17,0.0017131263234659,13.112084960937525,20774144.0
2023-04-18,0.0017224063526555,16.68946228027346,20549014.0
2023-04-19,11.832431216532768,18.176858520507835,10353948.0
2023-04-20,7.740050554275513,12.268914794921898,7294376.0
2023-04-21,2.026975154876709,8.32575378417971,14777710.0
2023-04-22,0.5339086055755615,6.106439208984398,13612654.0
2023-04-23,0.0487715005874633,8.77814636230471,16551646.0
2023-04-24,0.0017046926359398,12.679528808593773,22170012.0
2023-04-25,0.0012830369655603,11.92096862792971,22015024.0
2023-04-26,0.0918805599212646,17.320840454101585,19573286.0
2023-04-27,1.3636350631713867,19.537316894531276,16403242.0
2023-04-28,7.390263676541053,15.265710449218773,8820326.0
2023-04-29,1.0577946895864443,13.772271728515648,17143564.0
2023-04-30,0.0556617974893924,12.667581176757835,19804424.0
2023-05-01,0.0008604752679275,13.813867187500025,21664230.0
2023-05-02,0.0004351138613856,15.616616821289083,23581102.0
2023-05-03,0.0,20.18970642089846,23449034.0
2023-05-04,0.0771522521922918,24.53318176269533,20454964.0
2023-05-05,14.627161373709896,21.97846374511721,14554082.0
2023-05-06,2.6935577392528387,24.358331298828148,15482676.0
2023-05-07,0.1220494508729075,23.962976074218773,17738948.0
2023-05-08,0.2264767885158392,23.541421508789085,22238776.0
2023-05-09,0.4983190692193773,23.88825378417971,16771670.0
2023-05-10,0.1384496687819592,25.17548522949221,17075804.0
2023-05-11,13.19881081570884,26.61506042480471,16394658.0
2023-05-12,3.5276591777346766,23.459146118164085,10229390.0
2023-05-13,27.879464626284545,22.86994323730471,7514598.0
2023-05-14,3.2287538051605225,18.692300415039085,3381338.0
2023-05-15,0.509521365074761,19.202569580078148,18617946.0
2023-05-16,0.002586841617358,24.35254821777346,23204758.0
2023-05-17,0.0016927717751968,25.662255859375023,23900920.0
2023-05-18,0.2638399600982666,24.338769531250023,22769182.0
2023-05-19,0.0178664922714233,22.129449462890648,15154766.0
2023-05-20,1.4901161193847656e-05,20.136270141601585,24106720.0
2023-05-21,0.0,26.206643676757835,22812144.0
2023-05-22,0.0008583068797918,26.162988281250023,21482850.0
2023-05-23,0.0008523463748133,27.3330017089844,23554808.0
2023-05-24,0.0017176603819279,27.31736145019533,19569344.0
2023-05-25,0.2683103084564209,26.905938720703148,21064160.0
2023-05-26,0.0511020419935448,26.4484802246094,24309470.0
2023-05-27,0.001281499748984,26.171731567382835,25228368.0
2023-05-28,0.0008756766760598,27.301370239257835,24485434.0
2023-05-29,0.9582936763763428,28.573205566406276,20510046.0
2023-05-30,4.594859480789637,30.109170532226585,22850072.0
2023-05-31,2.847418189048767,30.354699707031276,21474738.0
2023-06-01,0.8556038141200872,29.296075439453148,20985940.0
2023-06-02,6.055234130315057,29.35325012207033,18394442.0
2023-06-03,0.1769393681456676,30.08567199707033,21169984.0
2023-06-04,0.1340359448818162,30.060235595703148,21397320.0
2023-06-05,0.1244127749373547,30.04560241699221,21437648.0
2023-06-06,0.0008608316655056,31.11182556152346,21156262.0
2023-06-07,1.211482286350929,31.10370788574221,20470004.0
2023-06-08,0.5744427441527478,27.87958679199221,19896540.0
2023-06-09,0.3352880477223152,27.550210571289085,17307460.0
2023-06-10,25.187190973611,23.713220214843773,13562366.0
2023-06-11,1.395106315612793,20.473565673828148,24345164.0
2023-06-12,0.0008583068797918,24.37500915527346,25221906.0
2023-06-13,0.0008762739120982,27.397561645507835,21313112.0
2023-06-14,0.0017203188917847,28.59949645996096,23274104.0
2023-06-15,0.001285409268803,30.344567871093773,24789252.0
2023-06-16,0.0021413227386801,29.777627563476585,23724594.0
2023-06-17,5.423551220701484,27.734582519531276,16837290.0
2023-06-18,10.818541049957275,26.50901184082033,21091550.0
2023-06-19,0.0,32.38799438476565,24175020.0
2023-06-20,0.0017424666793885,31.127481079101585,24442590.0
2023-06-21,0.0008523463179699,29.794488525390648,21387778.0
2023-06-22,0.004839043810989,30.025811767578148,21123776.0
2023-06-23,0.0037147372609069,29.958276367187523,19801498.0
2023-06-24,23.237758874813608,29.471093750000023,15757884.0
2023-06-25,2.2010094454572027,25.28528747558596,13236812.0
2023-06-26,0.0038893975897735,25.872949218750023,23811288.0
2023-06-27,0.6627529859493109,26.980310058593773,15354588.0
2023-06-28,0.854650139803681,30.150415039062523,23326190.0
2023-06-29,0.0020623206751224,30.600762939453148,19787266.0
2023-06-30,2.922267367523545,29.9824157714844,12496320.0
2023-07-01,0.0178837851372293,26.76874694824221,15912510.0
2023-07-02,0.0571012496948242,29.39216003417971,22561708.0
2023-07-03,0.9807795285610156,31.80079040527346,21627234.0
2023-07-04,8.644285797970497,31.08588562011721,17275422.0
2023-07-05,8.914306759777446,23.057290649414085,21863722.0
2023-07-06,0.0008523463748133,22.982217407226585,24648692.0
2023-07-07,9.192171692745887,22.660256958007835,10776330.0
2023-07-08,0.0004275662384145,23.14124450683596,23923836.0
2023-07-09,0.0118207127250968,26.86615905761721,23753120.0
2023-07-10,1.0501003586114166,30.558282470703148,22215828.0
2023-07-11,0.9150333090133244,27.616494750976585,19113232.0
2023-07-12,35.97506921062177,24.75751647949221,16991844.0
2023-07-13,0.1457027799460775,29.901300048828148,21594962.0
2023-07-14,2.762103080744538,29.084161376953148,21309398.0
2023-07-15,0.4008859395980835,26.66697082519533,21869488.0
2023-07-16,0.0533163547515869,26.09375915527346,20903676.0
2023-07-17,0.0008523463179699,25.005548095703148,23835928.0
2023-07-18,0.1671638729590085,25.419091796875023,21469806.0
2023-07-19,5.753066963961828,28.994226074218773,18822370.0
2023-07-20,0.0009575135209161,27.87937316894533,18522206.0
2023-07-21,0.6577193735992637,25.124291992187523,16672674.0
2023-07-22,0.2059102058069584,29.08429870605471,21533070.0
2023-07-23,0.9258687495048434,29.01389465332033,22578522.0
2023-07-24,1.6033142805085276,30.793115234375023,22338244.0
2023-07-25,0.0013033691175223,32.42379150390627,20211832.0
2023-07-26,7.071092828596193,34.5955749511719,22263756.0
2023-07-27,0.1254320144639109,35.42330322265627,22511464.0
2023-07-28,0.6641596555709839,34.20520935058596,20374212.0
2023-07-29,0.0017145877109214,28.832055664062523,21270350.0
2023-07-30,0.1043081283569336,27.47083435058596,18887580.0
2023-07-31,0.2205550670169032,29.597207641601585,18043752.0
2023-08-01,0.0400183077431393,29.45118103027346,13762830.0
2023-08-02,0.7977753877526084,29.849877929687523,16624624.0
2023-08-03,0.0881582497527233,30.1804138183594,17191082.0
2023-08-04,0.1298874616573186,29.88556823730471,17091378.0
2023-08-05,26.027747988695893,28.829949951171898,8654840.0
2023-08-06,22.477582097053528,23.2263122558594,5009302.0
2023-08-07,0.1436889171486655,24.177880859375023,16508656.0
2023-08-08,0.0044347058860694,25.773492431640648,20591442.0
2023-08-09,1.8148772842323524,26.182580566406276,18382884.0
2023-08-10,0.0385135411988812,28.633630371093773,18983586.0
2023-08-11,4.809850454329023,29.748468017578148,19241798.0
2023-08-12,0.0008583068797918,28.506005859375023,20773044.0
2023-08-13,16.47970080369987,27.36200866699221,8617790.0
2023-08-14,3.6250054836273193,22.10593566894533,16687440.0
2023-08-15,0.0,25.418313598632835,20326460.0
2023-08-16,0.0,31.15912780761721,20288762.0
2023-08-17,0.0,30.570352172851585,20794908.0
2023-08-18,0.0,27.82819519042971,20173616.0
2023-08-19,0.1071095466613769,32.852822875976585,18142154.0
2023-08-20,0.0004351138613856,31.959100341796898,18928186.0
2023-08-21,0.0029861926122976,34.69515380859377,19075868.0
2023-08-22,0.0008523463179699,38.3443542480469,19758072.0
2023-08-23,0.0017224120938408,37.21225891113284,19636304.0
2023-08-24,0.1195528426478631,35.50026855468752,15422826.0
2023-08-25,3.145888447761536,30.478479003906276,16958906.0
2023-08-26,0.0095486640816488,27.214501953125023,15360932.0
2023-08-27,0.0,26.508096313476585,19309072.0
2023-08-28,0.0,29.89765319824221,17887148.0
2023-08-29,0.0025749206429281,29.101464843750023,18129142.0
2023-08-30,0.0008350851317118,29.688409423828148,18674874.0
2023-08-31,0.0004351138045421,29.23932800292971,18346548.0
2023-09-01,0.0017175916582345,32.84377441406252,18078430.0
2023-09-02,0.0008413686600761,36.33846435546877,18359536.0
2023-09-03,0.0008523463179699,35.54696044921877,18148150.0
2023-09-04,0.0320643186455527,35.591836547851585,18274604.0
2023-09-05,0.2584308385848999,32.740396118164085,16106040.0
2023-09-06,0.0400096178054809,24.565286254882835,18363414.0
2023-09-07,0.0621557234694591,24.688333129882835,17392302.0
2023-09-08,0.6201267242431641,27.96091613769533,17535822.0
2023-09-09,0.9520888328324872,26.867089843750023,10919556.0
2023-09-10,0.0593072077208489,23.038842773437523,11635180.0
2023-09-11,0.0262254563381247,22.99915466308596,16112890.0
2023-09-12,0.1678913831710815,22.689294433593773,14934396.0
2023-09-13,0.0008523463179699,25.487817382812523,14271792.0
2023-09-14,0.001722574154428,27.1862731933594,14717418.0
2023-09-15,8.140081167219648,25.332818603515648,9666678.0
2023-09-16,0.1131296157836914,22.439553833007835,13496478.0
2023-09-17,0.0008523463179699,21.90528259277346,16764494.0
2023-09-18,0.0,27.966104125976585,15531076.0
2023-09-19,0.0008583068797918,29.623468017578148,15978242.0
2023-09-20,0.0,29.127740478515648,15716988.0
2023-09-21,0.0393420456816784,25.54181823730471,9668756.0
2023-09-22,0.1869738101731854,23.579919433593773,7926040.0
2023-09-23,16.984105110168457,21.062127685546898,2371606.22265625
2023-09-24,1.6817152500152588,20.71238098144533,8472067.24609375
2023-09-25,0.9323059363168796,20.91672668457033,7729916.65625
2023-09-26,0.5356609821269842,20.714700317382835,7121129.75
2023-09-27,0.7012337446212769,21.20264587402346,7191243.875
2023-09-28,0.0,25.86304626464846,14370865.0625
2023-09-29,1.791942119552914,29.688989257812523,12136719.25
2023-09-30,1.861452051912238,30.916467285156276,13620653.4375
2023-10-01,0.0004318595365759,31.714685058593773,12984195.7421875
2023-10-02,0.6625950336456299,30.82102355957033,12700379.046875
2023-10-03,5.021131023681846,28.35407409667971,7428331.375
2023-10-04,33.18561613559723,19.8920837402344,12367990.4296875
2023-10-05,0.0104725360756674,17.00568542480471,13281657.375
2023-10-06,0.576406717300415,14.24274597167971,7644490.18359375
2023-10-07,0.0,15.163323974609398,13270806.2890625
2023-10-08,0.0008584349870943,18.3393493652344,13235220.9609375
2023-10-09,0.0008523463179699,14.490457153320335,10940634.686523438
2023-10-10,0.0017288128901782,15.556436157226583,13215456.0
2023-10-11,0.0,18.670205688476585,12102004.0
2023-10-12,31.642991304295265,15.99231872558596,973190.0
2023-10-13,35.03023146635087,8.795098876953148,1393156.0
2023-10-14,1.831713318779293,11.02906188964846,4118586.0
2023-10-15,0.0837534665834027,11.17060241699221,6339644.0
2023-10-16,0.0008606480470518,15.052758789062525,12139568.0
2023-10-17,0.001722574154428,18.952722167968773,11637832.0
2023-10-18,0.7690787306273705,15.726358032226583,7019564.0
2023-10-19,0.3388166426816497,18.449182128906276,11008894.0
2023-10-20,0.0017116729509325,21.889123535156276,11253966.0
2023-10-21,0.0012860662650382,17.782022094726585,11018316.0
2023-10-22,0.4263222217559814,14.74982604980471,8434116.0
2023-10-23,0.8583843707015149,20.03443298339846,10672032.0
2023-10-24,5.051833391256366,17.607080078125023,5090820.0
2023-10-25,0.5046457051776088,15.452066040039083,4172750.0
2023-10-26,6.633242964653618,15.447808837890648,1732464.0
2023-10-27,1.5494436025278446,9.74805603027346,9899152.0
2023-10-28,2.266318639328801,-0.6266082763671648,3301016.0
2023-10-29,0.0782887954642319,2.5873504638672102,8136038.0
2023-10-30,0.0017160289189632,4.32276306152346,9001012.0
2023-10-31,0.034242868309775,3.1492401123047102,8047020.0
2023-11-01,0.0017478269001003,8.224099731445335,9036762.0
2023-11-02,0.0025716951199683,10.894952392578148,9191410.0
2023-11-03,-8.696304121258436e-06,12.49390563964846,6404118.0
2023-11-04,0.0286668537228251,13.704202270507835,9103812.0
2023-11-05,0.0017238417058251,17.838220214843773,8398068.0
2023-11-06,0.0017249962525056,15.69819030761721,8792912.0
2023-11-07,0.2049803733825683,12.121362304687525,5183692.0
2023-11-08,0.1971216142919729,13.547509765625025,6447766.0
2023-11-09,0.0629274897505638,9.50727233886721,8493220.0
2023-11-10,0.0,5.36939392089846,8792628.0
2023-11-11,0.1067221146513475,13.799966430664083,6990372.0
2023-11-12,1.4901161193847656e-05,15.307061767578148,8454964.0
2023-11-13,0.0017271270280616,15.561441040039083,8416840.0
2023-11-14,0.0,17.309930419921898,7372808.0
2023-11-15,0.0008583068797918,15.073602294921898,8265136.0
2023-11-16,0.0017265305700675,18.035363769531276,6430990.0
2023-11-17,0.0025779007728488,8.280313110351585,7981246.0
2023-11-18,0.0004351138045421,14.852456665039083,7679252.0
2023-11-19,0.0770915848988806,13.425561523437525,5049572.0
2023-11-20,0.6096571682974172,10.025735473632835,2213268.0
2023-11-21,0.1048624514510265,7.764215087890648,7810660.0
2023-11-22,0.0017225742112714,13.146081542968773,7457366.0
2023-11-23,0.0008583068797918,8.506890869140648,6476506.0
2023-11-24,0.0011801719210779,-2.9666351318359148,5198370.0
2023-11-25,1.2531280517578125,-2.9153198242187277,3363250.0
2023-11-26,0.4485487937699872,0.4680725097656477,4018884.0
2023-11-27,0.0301951255323729,-2.1489929199218523,6433148.0
2023-11-28,0.0008523463179699,4.647012329101585,6488442.0
2023-11-29,0.0008553265615773,8.149209594726585,6554622.0
2023-11-30,1.4901161193847656e-05,3.8620391845703352,6566444.0
2023-12-01,0.0017046926359398,1.6280609130859602,5084046.0
2023-12-02,0.0,3.8305297851562727,6010320.0
2023-12-03,0.0019967555999755,1.5769287109375227,4171256.0
2023-12-04,0.0518262386322021,4.47046813964846,4758792.0
2023-12-05,0.0179141758849255,4.475076293945335,6502470.0
2023-12-06,0.0,10.759912109375025,6102392.0
2023-12-07,0.0,11.656823730468773,6468638.0
2023-12-08,0.0025872478772726,9.682351684570335,6238550.0
2023-12-09,1.2381970882415771,5.94617614746096,3291564.0
2023-12-10,0.002883877698423,1.0113922119140852,4616976.0
2023-12-11,0.0008523463179699,5.66663513183596,6253214.0
2023-12-12,0.0017106532368416,0.6484619140625227,5929674.0
2023-12-13,0.0008523463179699,4.91840515136721,6298376.0
2023-12-14,0.0008523463179699,8.501702880859398,5624722.0
2023-12-15,1.8095642327580208,6.633172607421898,2120326.0
2023-12-16,1.822027563946449,5.004235839843773,2386590.0
2023-12-17,0.0116050243263998,5.48011169433596,5809208.0
2023-12-18,0.0017046928064701,2.6475311279297102,6476598.0
2023-12-19,0.0,6.788110351562523,5222026.0
2023-12-20,0.0004261732051702,5.419885253906273,5355684.0
2023-12-21,0.0747740268707275,7.507196044921898,5701840.0
2023-12-22,1.1539936064650649,4.21534118652346,3015394.0
2023-12-23,0.3456592559700766,10.033547973632835,5204924.0
2023-12-24,26.991212504924533,11.428948974609398,453472.0
2023-12-25,17.810198664562904,4.537271118164085,384336.0
2023-12-26,1.0692954062392346,6.06244812011721,3047574.0
2023-12-27,0.1016288994719616,0.5823150634765852,3898622.0
2023-12-28,0.379025936126709,2.01905212402346,2164234.0
2023-12-29,0.0233232973982921,4.82502136230471,5598816.0
2023-12-30,0.0372976064682006,0.4314361572265852,3533192.0
2023-12-31,0.0721603631923528,-0.7806762695312273,5188822.0
2024-01-01,0.0020444392134777,0.8138671875000227,5851934.0
2024-01-02,0.0026762485276776,2.5497985839843977,5718682.0
2024-01-03,0.0007629393508068,-1.4777435302734148,3922444.0
2024-01-04,0.0210553408237501,-1.7446350097656025,2778812.0
2024-01-05,0.1115798950195312,2.0423370361328352,4001148.0
2024-01-06,1.4369368552706874,-0.4518798828124772,2035422.0
2024-01-07,0.1102864741824305,-2.6316284179687277,5479580.0
2024-01-08,10.580831766123566,-3.0978759765624773,1144262.0
2024-01-09,4.633030002139549,-3.3607238769531023,1156784.0
2024-01-10,1.1360943299223436,-7.888876342773415,1136954.0
2024-01-11,0.5593001842498779,-8.524328613281227,1301754.0
2024-01-12,4.578620195388794,-15.11168518066404,1094080.0
2024-01-13,0.405430793762207,-16.76598205566404,1379134.0
2024-01-14,0.0052154063610032,-25.32317199707029,1804720.0
2024-01-15,0.0011771917343139,-22.170553588867165,1898606.0
2024-01-16,0.0033706426165736,-17.241094970703102,2032388.0
2024-01-17,0.0461220740248791,-10.940756225585917,1653950.0
2024-01-18,4.9152016639659735,-11.520758056640602,851854.0
2024-01-19,0.0566542148590087,-15.733053588867165,1879064.0
2024-01-20,0.0146329402923583,-20.623327636718727,1969428.0
2024-01-21,0.0026822090148925,-6.68730773925779,1693058.0
2024-01-22,0.0017236881717508,-3.76842346191404,2015968.0
2024-01-23,0.3401577472637029,-0.7778076171874773,1278360.0
2024-01-24,0.3302991390228271,0.8547302246093977,1846100.0
2024-01-25,0.0825703143618739,0.4978424072265852,1672328.0
2024-01-26,0.1707673072814941,0.6894317626953352,2311480.0
2024-01-27,0.1403689384460449,0.6724792480468977,3839310.0
2024-01-28,0.0004351138045421,0.8952117919922102,3965776.0
2024-01-29,0.02117156981285,3.9664245605468977,4427334.0
2024-01-30,0.0017225742325877,2.4829345703125227,6256492.0
2024-01-31,0.0004351138045421,6.54871520996096,7042860.0
2024-02-01,0.0018212065810985,9.227838134765648,7846508.0
2024-02-02,0.0008523463179699,7.193521118164085,6060158.0
2024-02-03,0.0890059643552376,6.306756591796898,5178386.0
2024-02-04,0.0393122433592907,6.09705505371096,7728304.0
2024-02-05,0.0,7.71790466308596,8323156.0
2024-02-06,0.0008553266184208,11.520303344726583,7961534.0
2024-02-07,0.0126689087664999,13.007302856445335,6601642.0
2024-02-08,5.658012260994383,10.888360595703148,2993778.0
2024-02-09,0.0077307223200762,4.251000976562523,7737266.0
2024-02-10,0.0009477138469549,2.0585418701172102,8395748.0
2024-02-11,0.0022947788238525,5.254876708984398,10683212.0
2024-02-12,0.001716613667213,6.945535278320335,10349460.0
2024-02-13,0.6927453729304034,5.574212646484398,8665206.0
2024-02-14,0.5440149311652931,4.151300048828148,4546546.0
2024-02-15,2.080979943173133,-0.5432952880859148,9232488.0
2024-02-16,1.6052424907684326,-2.4140380859374773,9357598.0
2024-02-17,0.001710653293685,1.9430786132812727,10533690.0
2024-02-18,0.0,4.264398193359398,11060902.0
2024-02-19,0.0017232229083674,7.689599609375023,10740616.0
2024-02-20,0.0025991612346842,11.258355712890648,10504860.0
2024-02-21,0.0025453178409406,12.505227661132835,9192726.0
2024-02-22,0.0008523463179699,10.385064697265648,12080378.0
2024-02-23,0.0115633009727389,7.267053222656273,9827588.0
2024-02-24,0.0008443129786428,11.27185974121096,12464242.0
2024-02-25,0.0008675548492931,11.058206176757835,12147028.0
2024-02-26,0.0017256784303754,17.653100585937523,12837296.0
2024-02-27,1.3009682642177722,14.348352050781273,7335818.0
2024-02-28,0.056043267250061,-3.639868164062477,13377906.0
2024-02-29,0.0,11.928460693359398,13163300.0
2024-03-01,0.0017046926359398,14.884683227539083,13531612.0
2024-03-02,0.0017225742112714,16.667535400390648,13105658.0
2024-03-03,0.080158601349467,14.292871093750025,12766326.17163086
2024-03-04,0.5629628894894267,9.21473083496096,12139286.388427734
2024-03-05,0.0017225742112714,10.578332519531273,14269942.86328125
2024-03-06,0.0291496514996936,12.824548339843773,14095091.60546875
2024-03-07,0.678691267864906,10.751382446289083,10495352.265625
2024-03-08,0.0221759079863659,5.821374511718773,12527631.05859375
2024-03-09,0.0008523463748133,6.903787231445335,15467557.03515625
2024-03-10,0.0,15.151452636718773,15494230.0
2024-03-11,0.0004351138045421,21.65183410644533,15351095.25
2024-03-12,0.0004475464834285,17.87622985839846,15133470.4375
2024-03-13,0.0577718019485473,18.753961181640648,11921269.375
2024-03-14,0.0501602887084118,16.65754089355471,9939897.4375
2024-03-15,0.0021212042042861,11.92182312011721,15078732.4375
2024-03-16,0.0017626392150305,10.247613525390648,14674585.25
2024-03-17,0.0224053859660955,6.155786132812523,14621170.5625
2024-03-18,0.003219422183065,3.42969665527346,16990945.75
2024-03-19,0.0034274999052286,14.05976257324221,16819212.92578125
2024-03-20,0.0,11.883782958984398,17503302.46484375
2024-03-21,0.9797692298434412,5.69715270996096,14778646.0
2024-03-22,2.3416161536715663,5.168557739257835,10275560.0
2024-03-23,0.9181976317336192,0.2182098388672102,6460336.0
2024-03-24,10.09635925282737,1.7158294677734602,2254114.0
2024-03-25,27.120332457343466,2.4528442382812727,2328354.0
2024-03-26,1.6990303993225098,-2.0984100341796648,6037722.0
2024-03-27,0.0026702879836193,-2.6485809326171648,10380002.0
2024-03-28,0.0,9.421319580078148,11717476.0
2024-03-29,0.1997649669647216,15.92926940917971,12186072.0
2024-03-30,0.1392722128912282,9.49823913574221,15077710.0
2024-03-31,0.601684785578982,7.319802856445335,9505560.0
2024-04-01,6.782698631184303,5.95899353027346,5389712.0
2024-04-02,1.268170773073507,10.856484985351583,17723748.0
2024-04-03,0.0127255916595458,10.076623535156273,19218244.0
2024-04-04,0.0017220344261659,12.222940063476583,20321336.0
2024-04-05,0.0004351138613856,14.25098571777346,19488728.0
2024-04-06,0.014635920422279,15.762536621093773,19158586.0
2024-04-07,10.812914371456372,12.89783630371096,9821916.0
2024-04-08,4.006242752041089,10.749749755859398,8738576.0
2024-04-09,0.1083160873918132,16.50293884277346,17910960.0
2024-04-10,0.0424387993120944,19.046990966796898,18078658.0
2024-04-11,0.7915794849395752,15.559747314453148,19397838.0
2024-04-12,0.0532567501068115,15.684075927734398,20792550.0
2024-04-13,0.0019609927903729,26.222711181640648,19484476.0
2024-04-14,0.0008583068797918,24.746942138671898,20882266.0
2024-04-15,0.0008642672355563,23.381799316406276,20932756.0
2024-04-16,33.687990903899845,21.49109802246096,6596838.0
2024-04-17,1.208217568944292,16.29059753417971,16867384.0
2024-04-18,1.9302666187286377,14.974725341796898,19235856.0
2024-04-19,0.0027596949507824,9.101235961914083,19101180.0
2024-04-20,0.0066161155700683,7.97205505371096,15957548.0
2024-04-21,0.0,14.440301513671898,21898562.0
2024-04-22,1.0696083306811488,20.021035766601585,18111130.0
2024-04-23,0.0034326013178542,18.064843750000023,17645776.0
2024-04-24,0.0008796991615156,17.515557861328148,21584168.0
2024-04-25,0.1547813414504162,19.969079589843773,16403288.0
2024-04-26,22.667258977946855,17.930398559570335,5189832.0
2024-04-27,5.018171002859617,14.423501586914083,4933062.0
2024-04-28,23.17867190197376,11.526666259765648,2825072.0
2024-04-29,4.107762713960739,13.275064086914083,10169932.0
2024-04-30,11.524056359615289,20.403741455078148,15632504.0
2024-05-01,0.0294327734877697,17.462243652343773,16940870.0
2024-05-02,10.352957248585426,16.970605468750023,12051952.0
2024-05-03,0.3819465637207031,19.460900878906276,20460128.0
2024-05-04,10.246217250767131,18.884561157226585,20633228.0
2024-05-05,0.000870227836458,18.703424072265648,23530450.0
2024-05-06,1.1464357376098633,21.018243408203148,9302246.0
2024-05-07,29.27944660183357,18.827539062500023,16876928.0
2024-05-08,0.8543372154186102,21.296487426757835,19545468.0
2024-05-09,9.738004207559214,19.19065246582033,17238978.0
2024-05-10,0.001710653293685,21.5434509277344,22400068.0
2024-05-11,0.0,23.829431152343773,23722672.0
2024-05-12,2.266794443130493,26.278405761718773,21624130.0
2024-05-13,2.169297967498096,21.560357666015648,22372430.0
2024-05-14,5.835545380250551e-07,22.49775085449221,24124690.0
2024-05-15,2.4417003098058387,21.793496704101585,13749432.0
2024-05-16,0.1518611203437103,22.506921386718773,22278254.0
2024-05-17,0.1924635703858257,28.073083496093773,22945278.0
2024-05-18,0.0,26.4985290527344,24221056.0
2024-05-19,9.38616991032859,20.9411560058594,11644568.0
2024-05-20,1.889646053314209,24.076257324218773,17922092.0
2024-05-21,36.62451173028103,22.565270996093773,5431428.0
2024-05-22,0.2199500799129339,20.266900634765648,21763516.0
2024-05-23,0.0,24.613916015625023,24317622.0
2024-05-24,19.67919170846244,22.79734191894533,22583966.0
2024-05-25,0.5473196506500244,21.414407348632835,15254866.0
2024-05-26,1.283884048461914,22.32465515136721,20186502.0
2024-05-27,3.145624362332456,20.69309387207033,19983490.0
2024-05-28,0.1169741153717041,20.744226074218773,22416746.0
2024-05-29,0.0008583068797918,21.95789489746096,24827488.0
2024-05-30,6.982374191238705,23.264459228515648,14098694.0
2024-05-31,39.11438584327698,21.560708618164085,11510434.0
2024-06-01,2.045118808741364,23.88450012207033,23034544.0
2024-06-02,13.76958191394806,25.039422607421898,14296030.0
2024-06-03,53.98021936406394,28.15534362792971,19649264.0
2024-06-04,2.9540657997131348,27.41089782714846,15481372.0
2024-06-05,0.0,24.78168640136721,19276052.0
2024-06-06,0.0008523463179699,22.978555297851585,25469996.0
2024-06-07,0.5686312912871472,22.743737792968773,15725720.0
2024-06-08,4.425019025802612,22.927270507812523,22370566.0
2024-06-09,0.0,24.42942199707033,23687480.0
2024-06-10,0.0008523463179699,23.172036743164085,24948946.0
2024-06-11,1.3435721396604094,27.142922973632835,23531100.0
2024-06-12,0.5214598117504465,30.410455322265648,21680038.0
2024-06-13,0.037026404243079,30.0134216308594,21454064.0
2024-06-14,0.0017011067825478,26.93470153808596,21925488.0
2024-06-15,44.91895140796487,25.7558532714844,8715564.0
2024-06-16,8.777809143055038,28.57239685058596,22904076.0
2024-06-17,107.5534428467222,27.65870056152346,10921264.0
2024-06-18,9.27876109534509,27.843316650390648,15531782.0
2024-06-19,1.3762563467025757,21.349481201171898,20229444.0
2024-06-20,6.839650869267189,23.501916503906276,11022604.0
2024-06-21,23.99502302688461,27.74021301269533,14454432.0
2024-06-22,27.511877877657295,24.949334716796898,13016946.0
2024-06-23,0.189163891377575,28.358819580078148,20966964.0
2024-06-24,0.2356112003276678,33.02532348632815,23119130.0
2024-06-25,0.0008583068797918,32.67548522949221,23711756.0
2024-06-26,0.0074326991921225,27.86426696777346,23908186.0
2024-06-27,8.428812026977539,24.11768493652346,10491412.0
2024-06-28,11.306370689339929,27.71997985839846,17671388.0
2024-06-29,0.00086586285164,26.794793701171898,19793582.0
2024-06-30,0.0012891130722891,21.835794067382835,24242746.0
2024-07-01,2.4014015907027897,21.265405273437523,10678012.0
2024-07-02,10.374069213867188,25.43503723144533,12854470.0
2024-07-03,0.1197457313537597,27.730798339843773,22350570.0
2024-07-04,13.86110827667153,25.733422851562523,14762414.0
2024-07-05,0.7113933562550301,23.204858398437523,15847160.0
2024-07-06,0.9711202770859018,26.04938659667971,22508978.0
2024-07-07,6.02295994758606,24.58539733886721,21722530.0
2024-07-08,0.9462684392929076,25.408074951171898,21150016.0
2024-07-09,0.0950634479472967,27.10053405761721,21633098.0
2024-07-10,1.17531418800354,26.202905273437523,20725462.0
2024-07-11,0.0985443591048351,26.81653747558596,21991300.0
2024-07-12,0.0008583068797918,28.831506347656276,23141764.0
2024-07-13,0.2105534076690673,31.62586364746096,21796594.0
2024-07-14,0.1413315534541936,31.158593750000023,23289636.0
2024-07-15,0.1702100038478704,31.082360839843773,19062020.0
2024-07-16,0.1786589621524115,28.673867797851585,18920346.0
2024-07-17,0.0,24.116998291015648,21106386.0
2024-07-18,0.0008523463179699,25.018960571289085,23043080.0
2024-07-19,3.2254099845090423,25.24268493652346,15839034.0
2024-07-20,4.936079449738173,25.97791442871096,15580156.0
2024-07-21,0.6372362374236218,26.61542663574221,18853476.0
2024-07-22,3.029826283352577,27.114312744140648,20954460.0
2024-07-23,0.6963908672332764,28.819299316406276,20357660.0
2024-07-24,0.0431120394637218,27.999307250976585,19715522.0
2024-07-25,0.001710653293685,28.71064147949221,22348632.0
2024-07-26,0.0,32.09229431152346,22756982.0
2024-07-27,0.0,30.715203857421898,22171036.0
2024-07-28,0.5293577909455394,29.186395263671898,14847156.0
2024-07-29,5.053040385178065,30.125650024414085,21108574.0
2024-07-30,0.3480494021914637,31.244485473632835,21898006.0
2024-07-31,0.0635862349440685,31.0163513183594,18179694.0
2024-08-01,12.833014492684924,29.946450805664085,18218980.0
2024-08-02,0.0008523463179699,31.676446533203148,21385222.0
2024-08-03,0.0013009254757889,32.814004516601585,21621902.0
2024-08-04,0.1467764377593994,30.869927978515648,14794714.0
2024-08-05,0.1815855503082275,32.1411071777344,17979796.0
2024-08-06,0.004202127456665,23.761773681640648,21174754.0
2024-08-07,0.051051378250122,27.591729736328148,19034026.0
2024-08-08,0.0380575656890869,27.237466430664085,21282888.0
2024-08-09,0.0352412462234497,20.196923828125023,15337394.0
2024-08-10,0.0001341104507446,23.20871887207033,21185988.0
2024-08-11,0.058645009989533,24.055337524414085,17611014.0
2024-08-12,1.721167564387116,22.01154479980471,9222766.0
2024-08-13,0.2322942018508911,23.65741882324221,10927978.0
2024-08-14,7.306337356567383,24.12421569824221,8278618.0
2024-08-15,7.726907730102539,25.674340820312523,15340820.0
2024-08-16,0.2389490604350896,25.31903991699221,16372454.0
2024-08-17,0.0076740980148315,26.222222900390648,19360870.0
2024-08-18,0.0008583068833445,26.35862121582033,16135504.0
2024-08-19,0.0,27.165826416015648,19568350.0
2024-08-20,5.598938899254335,25.693276977539085,8367984.0
2024-08-21,2.856164736442679,24.20920715332033,12273368.0
2024-08-22,0.0029530613119277,26.188134765625023,17147118.0
2024-08-23,0.0172870348933429,27.27878723144533,15090762.0
2024-08-24,0.0927150249481201,30.0817810058594,17013158.0
2024-08-25,0.0366747378279797,32.3328796386719,17531920.0
2024-08-26,1.664578914642334,32.705484008789085,17922018.0
2024-08-27,3.516554832458496,26.446939086914085,11073842.0
2024-08-28,0.1877486705730291,29.344689941406276,18341206.0
2024-08-29,6.217825412647926,29.234292602539085,11609814.0
2024-08-30,0.1937747001647949,24.714288330078148,18807574.0
2024-08-31,0.0021487473418346,29.94333801269533,18816358.0
2024-09-01,0.0008523463748133,27.944619750976585,18923704.0
2024-09-02,0.0008583068797918,23.328759765625023,18696720.0
2024-09-03,0.0004351138613856,25.353875732421898,18657814.0
2024-09-04,0.0004351138045421,30.16541442871096,17801554.0
2024-09-05,0.1263022422790527,28.782312011718773,17057148.0
2024-09-06,0.0001490116119384,21.672998046875023,15845084.0
2024-09-07,0.0,22.465371704101585,16439100.0
2024-09-08,0.001703844475287,25.299844360351585,17954426.0
2024-09-09,0.0008523463748133,27.7936950683594,17221796.0
2024-09-10,0.0117988802230684,30.431665039062523,15336228.0
2024-09-11,0.0008523463179699,29.768411254882835,17224508.0
2024-09-12,0.0008702277227712,28.972695922851585,16964464.0
2024-09-13,0.0017285346416429,28.584893798828148,17105336.0
2024-09-14,0.0004351138045421,27.381982421875023,16034390.0
2024-09-15,0.0029893637361055,30.2199645996094,15734024.0
2024-09-16,0.0750988714521838,29.42575988769533,14192096.0
2024-09-17,3.144383430480957,28.95337829589846,15054062.0
2024-09-18,5.66443204877487,28.388040161132835,10604434.0
2024-09-19,0.585571043757227,27.22779235839846,15527876.0
2024-09-20,3.209038368368056e-06,28.848977661132835,15756622.0
2024-09-21,0.0012904405366498,26.37171325683596,15246900.0
2024-09-22,0.0004351138045421,20.406533813476585,15603229.364013672
2024-09-23,0.0008653516374579,21.218621826171898,15888478.694580078
2024-09-24,0.3182613186822891,22.301126098632835,12404615.125
2024-09-25,0.0,25.47944030761721,14993754.0
2024-09-26,0.0,27.016275024414085,15049011.3125
2024-09-27,0.0013013165585107,28.647882080078148,14704757.1875
2024-09-28,-7.895835096860537e-06,29.981896972656276,14703716.9765625
2024-09-29,0.0004351138045421,29.465142822265648,14525463.375
2024-09-30,0.0017128930380749,27.51923522949221,14215058.625
2024-10-01,0.0,20.310021972656276,14200673.703125
2024-10-02,0.0008523463179699,27.635797119140648,14160822.36328125
2024-10-03,0.0052573966513591,24.949609375000023,12183860.17578125
2024-10-04,0.0004372209332359,21.77539978027346,13964985.5
2024-10-05,0.0004357596594672,25.982263183593773,13324270.875
2024-10-06,0.0008583068797918,19.857461547851585,13636689.1796875
2024-10-07,0.0,20.84983215332033,13300660.59375
2024-10-08,0.0025868415605145,25.483605957031276,13005674.231689451
2024-10-09,0.0,26.831658935546898,12994400.267562866
2024-10-10,0.0008626447538517,27.90403137207033,12657044.0
2024-10-11,2.1536266103794333e-06,24.124124145507835,11169982.0
2024-10-12,0.0658929347991943,20.297891235351585,10399182.0
2024-10-13,0.0012918700349473,17.772485351562523,12233380.0
2024-10-14,0.0012874602361989,12.393533325195335,10455382.0
2024-10-15,0.0,11.84119567871096,12518514.0
2024-10-16,0.0004292504769409,16.02539978027346,12427328.0
2024-10-17,0.0008523463748133,21.804788208007835,11746540.0
2024-10-18,0.0020742415358654,22.28711853027346,9209720.0
2024-10-19,1.4825064039314384,20.075250244140648,7439326.0
2024-10-20,0.0017166137240565,26.89325866699221,10774256.0
2024-10-21,0.0008583068797918,25.79163513183596,9551484.0
2024-10-22,0.2313584088824427,22.767617797851585,10292424.0
2024-10-23,0.0470519065807195,17.422204589843773,11101288.0
2024-10-24,3.809669613833222,16.711877441406273,6394600.0
2024-10-25,0.0017189478285217,14.05085144042971,10250792.0
2024-10-26,3.56106966137304e-06,14.510949707031273,9848682.0
2024-10-27,0.0,19.03193054199221,10334114.0
2024-10-28,0.0,23.638757324218773,8805022.0
2024-10-29,0.0249445438385009,21.475549316406276,8281014.0
2024-10-30,0.4170238971710205,17.544000244140648,3499008.0
2024-10-31,16.414672136306763,8.845269775390648,8935918.0
2024-11-01,0.0012993811537853,14.345010375976583,6924700.0
2024-11-02,0.0016957520756477,16.21735534667971,8547766.0
2024-11-03,0.1647919807510334,12.756982421875025,1784922.0
2024-11-04,6.684944033622742,13.816384887695335,4686384.0
2024-11-05,0.9350806473662489,10.34839782714846,4006966.0
2024-11-06,0.0017231332662959,11.316918945312525,6755266.0
2024-11-07,0.0008504217134941,10.483026123046898,8893314.0
